1010,2100,E,87th St,Chicago,IL,60617,8,45,12,17,33,2,4,170314503003005,41.84596533,-87.68554722
1030,3000,S,King Dr,Chicago,IL,60616,2,35,15,3,5,1,3,170318392001005,41.88751636,-87.70216585
1045,1313,S,Sacramento Dr,Chicago,IL,60623,24,29,19,5,9,7,2,170318431001005,41.94138825,-87.69072465
1055,3630,S,Wells St,Chicago,IL,60609,11,34,18,3,6,3,2,170313406001012,41.82777441,-87.67757853
1060,700,S,State St,Chicago,IL,60605,2,32,1,3,6,7,2,170318390004004,41.7371465,-87.5732668
1065,231,N,Pine Ave,Chicago,IL,60644,28,25,25,4,8,7,1,170312519003008,41.88318708,-87.67763529
1070,2148,N,Long Ave,Chicago,IL,60639,37,19,26,2,3,4,8,170311912002000,41.84022611,-87.61760075
1085,145,S,Campbell Ave,Chicago,IL,60612,2,28,23,5,10,7,1,170312808001010,41.86414328,-87.70207761
1090,1034,N,Wells St,Chicago,IL,60610,27,8,1,5,9,7,2,170318383002003,41.8730667,-87.62763862
1105,1616,S,Spaulding Ave,Chicago,IL,60623,24,29,19,5,9,7,2,170318415002021,41.85851913,-87.70795224
1106,1313,S,Sacramento Dr,Chicago,IL,60623,24,29,19,5,9,7,2,170318431001005,41.86414328,-87.70207761
1110,5009,S,Laflin St,Chicago,IL,60609,16,61,17,3,6,7,7,170316112002020,41.92006006,-87.76101158
1123,4946,S,Paulina St,Chicago,IL,60609,16,61,17,3,6,7,7,170316113003011,41.83603568,-87.73412164
1135,1135,N,Cleaver Rd,Chicago,IL,60622,27,24,10,5,10,7,1,170312420003000,41.90289709,-87.66374073
1140,4338,W,Wabansia Ave,Chicago,IL,60639,31,23,21,2,4,4,8,170312305002003,41.90154615,-87.63446373
1145,231,N,Pine Ave,Chicago,IL,60644,28,25,25,4,8,7,1,170312519003008,41.82814579,-87.6327203
1150,8147,S,Vincennes Ave,Chicago,IL,60620,21,44,5,16,31,1,4,170318424003036,41.80288087,-87.66231452
1160,3223,W,Franklin Blvd,Chicago,IL,60624,28,23,20,5,10,7,1,170318367001031,41.91164626,-87.73523685
1165,931,S,Homan Ave,Chicago,IL,60624,24,29,19,5,9,7,2,170318430001001,41.86931199,-87.71056333
1200,4034,W,56th St,Chicago,IL,60629,13,62,17,11,22,3,7,170316203001002,41.74578671,-87.63544628
1210,5110,N,Damen Ave,Chicago,IL,60625,47,4,30,7,13,5,12,170310404022002,41.89000464,-87.70733287
1225,1239,S,Pulaski Rd,Chicago,IL,60623,24,29,19,5,9,7,2,170318387003008,41.86495162,-87.72505872
1230,3939,W,79th St,Chicago,IL,60652,18,70,6,16,32,1,11,170317004012009,41.79143647,-87.72446996
1270,2245,W,Jackson Blvd,Chicago,IL,60612,2,28,23,5,9,7,2,170318380001026,41.97506793,-87.67944745
1300,2345,S,Christiana Ave,Chicago,IL,60623,22,30,16,11,21,4,7,170313008001019,41.74940305,-87.72109816
1310,11220,S,Wallace St,Chicago,IL,60628,34,49,22,14,28,2,5,170314912003013,41.87752873,-87.68324895
1320,6835,S,Normal Blvd,Chicago,IL,60621,6,68,4,16,32,1,3,170316812003013,41.84855921,-87.70874232
1330,3235,N,LeClaire Ave,Chicago,IL,60641,30,15,27,20,39,4,12,170311510012004,41.68995131,-87.63753545
1340,5630,S,Rockwell St,Chicago,IL,60629,16,63,17,1,1,3,7,170318351002004,41.76971342,-87.63718937
1350,9652,S,Michigan Ave,Chicago,IL,60628,6,49,12,17,34,1,4,170314905002004,41.93979614,-87.75420329
1360,6520,S,Wood St,Chicago,IL,60636,15,67,4,3,6,7,2,170316713001026,41.79101341,-87.68891728
1380,7740,S,Ingleside Ave,Chicago,IL,60619,8,69,11,3,5,1,3,170316915003000,41.7183728,-87.62058681
1390,6220,S,Stony Island Ave,Chicago,IL,60637,5,42,13,13,25,1,3,170314201001023,41.77512466,-87.66905264
1400,4136,S,California Ave,Chicago,IL,60632,14,58,17,11,21,4,7,170315805012008,41.75374887,-87.60169064
1410,4343,W,Wrightwood Ave,Chicago,IL,60639,31,20,9,20,39,4,8,170312002002004,41.78225743,-87.58657835
1420,6325,W,56th St,Chicago,IL,60638,23,56,7,11,22,3,11,170315611006006,41.81872965,-87.69460198
1430,4015,N,Ashland Ave,Chicago,IL,60613,47,6,30,6,11,5,12,170310601003006,41.92794584,-87.73599952
1440,2501,W,Addison St,Chicago,IL,60618,47,5,9,6,11,5,12,170318437001018,41.79048243,-87.78039472
1460,2935,W,Polk St,Chicago,IL,60612,28,27,20,5,9,7,2,170312718001015,41.95476353,-87.66898945
1470,3250,W,Adams St,Chicago,IL,60624,28,27,20,5,10,7,1,170312713001004,41.94667202,-87.69101274
1480,5835,N,Lincoln Ave,Chicago,IL,60659,40,2,30,7,13,5,10,170310207011000,41.87096639,-87.69989621
1490,1744,W,Pryor Ave,Chicago,IL,60643,19,75,3,14,27,1,5,170317505003002,41.87841665,-87.70804948
1500,250,E,111th St,Chicago,IL,60628,9,49,22,14,28,2,5,170314909013022,41.98756724,-87.70251934
1510,244,E,Pershing Rd,Chicago,IL,60653,3,35,15,3,5,1,3,170318396002013,41.69201112,-87.66567557
1520,3436,W,Wilson Ave,Chicago,IL,60625,33,14,27,20,40,4,8,170311407023000,41.69273509,-87.6163519
1530,3601,N,Milwaukee Ave,Chicago,IL,60641,38,16,27,20,40,5,12,170311611002015,41.82385253,-87.61979574
1540,5900,N,Glenwood Ave,Chicago,IL,60660,48,77,30,7,14,9,10,170310305002008,41.96480045,-87.71481814
1560,3030,N,Mobile Ave,Chicago,IL,60634,36,19,26,2,3,5,9,170311904011023,41.94634323,-87.73563527
1570,6631,N,Bosworth Ave,Chicago,IL,60626,40,1,30,7,14,9,10,170318306001000,41.98903319,-87.665188
1580,6530,W,Bryn Mawr Ave,Chicago,IL,60631,41,10,28,10,20,5,9,170311003001009,41.93563421,-87.78347849
1590,4747,S,Union Ave,Chicago,IL,60609,11,61,17,3,6,3,11,170318438001007,42.00268693,-87.66922893
1600,555,E,51st St,Chicago,IL,60615,4,40,15,13,26,1,3,170318361003000,41.98293355,-87.79154677
1610,5039,N,Kimball Ave,Chicago,IL,60625,39,13,27,8,15,5,12,170318318004000,41.80750947,-87.64300315
1620,2001,N,Orchard St,Chicago,IL,60614,43,7,29,5,10,5,10,170310712002007,41.80210467,-87.61193147
1630,3535,E,114th St,Chicago,IL,60617,10,52,2,13,25,2,4,170315206001060,41.97318445,-87.71342302
1640,936,N,Ashland Ave,Chicago,IL,60622,1,24,10,2,4,5,1,170312421003000,41.91826756,-87.64604609
1670,6200,S,Hamlin Ave,Chicago,IL,60629,13,65,8,11,22,3,7,170316501003011,41.68816438,-87.53757009
1690,3730,W,Bryn Mawr Ave,Chicago,IL,60659,39,13,27,8,15,5,10,170311301002015,41.89899528,-87.66744615
1700,7342,S,Hoyne Ave,Chicago,IL,60636,17,67,4,16,31,1,3,170316720004008,41.78052693,-87.71797709
1710,5015,S,Blackstone Ave,Chicago,IL,60615,4,39,14,13,25,1,3,170313907002006,41.98294508,-87.72238559
1730,2700,S,California Ave,Chicago,IL,60608,12,30,16,11,21,7,2,170318435001023,41.75985293,-87.67591012
1740,5501,N,Kedzie Ave,Chicago,IL,60625,40,13,27,7,13,5,12,170318318005000,41.80377183,-87.59045756
1750,1321,S,Paulina St,Chicago,IL,60608,2,28,23,5,9,7,2,170318429004065,41.84253385,-87.69522432
1760,4445,S,Drexel Blvd,Chicago,IL,60653,4,39,15,13,25,7,3,170313903002009,41.98131478,-87.70874457
1790,3857,W,111th St,Chicago,IL,60655,19,74,3,18,35,1,11,170317404003008,41.86436492,-87.66875893
1800,3519,S,Giles Ave,Chicago,IL,60653,2,35,15,3,5,1,3,170318396002000,41.81367498,-87.60391054
1810,211,S,Laflin St,Chicago,IL,60607,2,28,23,5,9,7,2,170318331003031,41.69124818,-87.71777061
1820,4959,S,Archer Ave,Chicago,IL,60632,14,57,17,1,1,4,7,170315704002002,41.83055442,-87.61925223
1830,730,N,Pulaski Rd,Chicago,IL,60624,28,23,20,5,10,7,1,170318421005012,41.83603568,-87.73412164
1840,1147,N,Western Ave,Chicago,IL,60622,1,24,21,2,4,5,12,170312424001001,41.87860208,-87.66427006
1850,13100,S,Doty Ave,Chicago,IL,60627,9,54,22,17,34,2,4,170315401022003,41.80308142,-87.72206492
1860,821,E,103rd St,Chicago,IL,60628,9,50,22,17,34,2,4,170315002001003,41.90262531,-87.68694287
1870,10330,S,Elizabeth St,Chicago,IL,60643,21,73,3,14,27,1,4,170317307002017,41.65629056,-87.5905838
1890,2150,S,Laflin St,Chicago,IL,60608,25,31,16,1,2,4,7,170313107001020,41.70744607,-87.60306435
1920,4355,N,Linder Ave,Chicago,IL,60641,38,15,27,10,19,5,12,170311503006015,41.70585944,-87.6537126
1930,1010,N,Noble St,Chicago,IL,60642,27,24,10,2,4,5,1,170312420001004,41.90019103,-87.66259106
1931,4131,W,Cortland Ave,Chicago,IL,60639,30,20,9,2,4,4,8,170318312003014,41.91524155,-87.73012683
1932,1337,W,Ohio,Chicago,IL,60642,27,24,10,2,4,5,1,170312434003006,41.89245245,-87.66085955
1933,3645,W,Chicago Ave,Chicago,IL,60651,27,23,20,5,10,7,1,170312315004004,41.8953897,-87.7180473
1934,1454,W,Superior St,Chicago,IL,60642,27,24,10,2,4,5,8,170312433001004,41.89525476,-87.66448223
1935,7131,S,South Chicago Avenue,Chicago,IL,60619,5,69,11,3,5,1,3,170318418002035,41.76525442,-87.60459813
1936,1231,S,Damen Ave,Chicago,IL,60608,2,28,23,5,9,7,2,170318429004028,41.86581671,-87.67614763
1940,5515,S,Lowe Ave,Chicago,IL,60621,3,68,4,3,6,7,2,170318347003007,41.8526671,-87.66369575
1950,2347,S,Wabash Ave,Chicago,IL,60616,2,33,1,3,5,7,3,170318410001028,41.96036317,-87.76469993
1960,1930,S,Archer Ave,Chicago,IL,60616,3,33,1,3,6,7,2,170313302002037,41.85597605,-87.62851099
1961,8131,S,May St,Chicago,IL,60620,21,71,5,16,31,1,4,170317108006008,41.74593463,-87.65232814
1962,8131,S,May St,Chicago,IL,60620,21,71,5,16,31,1,4,170317108006008,41.74593463,-87.65232814
1964,3663,S,Wabash Ave,Chicago,IL,60653,3,35,15,3,5,7,3,170313514001017,41.82778341,-87.62482441
2015,1415,E,70th St,Chicago,IL,60637,5,43,11,13,26,1,3,170314303003009,41.93579404,-87.68059876
2020,10810,S,Avenue H,Chicago,IL,60617,10,52,2,13,25,2,4,170315205001002,41.79356519,-87.64141858
2025,4647,W,47th St,Chicago,IL,60632,23,56,17,1,1,3,11,170315604001001,41.80760595,-87.74009812
2030,2851,N,Seminary Ave,Chicago,IL,60657,44,6,29,6,12,5,10,170310629002002,41.84967486,-87.62535151
2035,6800,S,Stewart Ave,Chicago,IL,60621,6,68,4,16,32,1,3,170316812003013,41.77079113,-87.63522955
2040,2625,N,Orchard St,Chicago,IL,60614,43,7,29,6,11,5,10,170310702001011,41.69873893,-87.53293943
2045,5545,W,Harrison St,Chicago,IL,60644,29,25,25,4,8,7,1,170318314002003,41.87278787,-87.76333753
2055,,,,Chicago,IL,,21,71,22,14,27,1,4,170317110002014,41.698021,87.631063
2070,950,W,33rd Pl,Chicago,IL,60608,11,60,18,1,2,3,11,170318397003002,41.93412556,-87.6562654
2080,2110,W,Greenleaf Ave,Chicago,IL,60645,50,2,30,8,16,9,13,170310204001005,41.92984985,-87.64641314
2085,6220,N,Olcott Ave,Chicago,IL,60631,41,10,28,10,20,9,9,170311003005026,41.90291498,-87.67365931
2090,1920,N,Hamlin Ave,Chicago,IL,60647,26,22,9,2,4,4,8,170312229001004,41.83382648,-87.6506521
2100,5055,S,State St,Chicago,IL,60615,3,38,15,3,5,7,3,170313818001010,42.01012259,-87.68443963
2110,3500,N,Hoyne Ave,Chicago,IL,60618,47,5,29,6,11,5,12,170310508001011,41.91604538,-87.72170559
2120,1100,S,Hamilton Ave,Chicago,IL,60612,2,28,23,5,9,7,2,170318382002026,41.80211216,-87.62582006
2130,8045,S,Kenwood Ave,Chicago,IL,60619,8,45,12,17,33,1,4,170318343002040,41.94506282,-87.6810043
2150,10354,S,Charles St,Chicago,IL,60643,19,72,3,18,35,1,11,170317207002002,41.8678331,-87.68038086
2160,2828,N,Kilbourn Ave,Chicago,IL,60641,31,20,9,20,39,4,8,170312001003028,41.74824651,-87.59169045
2170,7650,S,Wolcott Ave,Chicago,IL,60620,18,71,5,16,31,1,3,170317104005017,41.70513918,-87.65803926
2180,1140,W,66th St,Chicago,IL,60621,17,68,4,16,32,1,2,170316810001011,41.93251124,-87.73935161
2190,4220,N,Richmond St,Chicago,IL,60618,33,16,27,6,11,4,8,170311606012009,41.75419445,-87.67089049
2200,6006,S,Peoria St,Chicago,IL,60621,16,68,4,3,6,7,2,170318348001011,41.77421901,-87.6535318
2210,900,W,Wilson Ave,Chicago,IL,60640,46,3,30,7,13,9,10,170310315013003,41.7820414,-87.67162519
2220,4929,N,Sawyer Ave,Chicago,IL,60625,39,14,27,8,15,5,12,170311402001008,41.95822048,-87.70211421
2230,1045,S,Monitor Ave,Chicago,IL,60644,29,25,25,4,8,7,1,170318314002044,41.78494358,-87.64741621
2240,5025,N,Laramie Ave,Chicago,IL,60630,45,11,28,10,19,5,9,170311105022001,41.97114093,-87.70970075
2250,3151,W,Walnut St,Chicago,IL,60612,27,27,20,5,10,7,1,170318371001011,41.86781176,-87.77045422
2260,4257,N,Tripp Ave,Chicago,IL,60641,38,16,27,20,40,5,12,170311603003003,41.97239326,-87.7576018
2270,3730,N,Oakley Ave,Chicago,IL,60618,47,5,29,6,11,5,12,170310505005002,41.88534848,-87.70585537
2280,10115,S,Prairie Ave,Chicago,IL,60628,9,49,22,14,28,2,5,170314908004004,41.95893805,-87.73405649
2290,6105,S,Michigan Ave,Chicago,IL,60637,20,40,13,3,5,1,2,170314008002007,41.78361635,-87.62210511
2300,1420,W,Grace St,Chicago,IL,60613,44,6,29,6,11,5,10,170310604001012,41.9495304,-87.68598149
2320,6710,N,Washtenaw Ave,Chicago,IL,60645,50,2,30,8,16,9,13,170310206011000,41.7104345,-87.61742707
2330,7931,S,Honore St,Chicago,IL,60620,18,71,5,16,31,1,3,170317105003000,41.95075308,-87.66496708
2340,7736,S,Burnham Ave,Chicago,IL,60649,7,43,11,13,25,2,4,170314313011003,42.00341203,-87.69742604
2350,3434,W,77th St,Chicago,IL,60652,18,70,6,16,32,1,11,170317001001011,41.74933875,-87.66940229
2360,11411,S,Eggleston Ave,Chicago,IL,60628,34,49,22,14,28,2,5,170314912001022,41.7543656,-87.55710533
2370,2723,N,Fairfield Ave,Chicago,IL,60647,35,22,9,20,40,4,8,170312203001006,41.75342976,-87.70873057
2380,3800,N,New England Ave,Chicago,IL,60634,38,17,24,10,19,5,9,170311703003005,41.6866593,-87.63366874
2390,10740,S,Calhoun Ave,Chicago,IL,60617,10,51,2,17,33,2,4,170318388001010,41.93096541,-87.69633094
2400,54,N,Hermitage Ave,Chicago,IL,60612,27,28,23,5,10,7,1,170318381002001,41.94911537,-87.79863218
2410,6741,S,Michigan Ave,Chicago,IL,60637,20,69,12,16,32,1,2,170316904004001,41.69972653,-87.56204762
2420,1309,W,95th St,Chicago,IL,60643,21,73,5,14,27,1,4,170317304002001,41.72124887,-87.65576875
2430,7355,S,Jeffery Blvd,Chicago,IL,60649,5,43,11,13,26,2,3,170314308001014,41.88299748,-87.67064568
2440,2701,W,Foster Ave,Chicago,IL,60625,40,4,30,7,13,5,12,170310402012005,41.77161975,-87.62178262
2450,2035,N,Mobile Ave,Chicago,IL,60639,29,19,26,2,3,4,8,170311913012018,41.76084703,-87.5761115
2460,5356,S,King Dr,Chicago,IL,60615,3,40,15,3,5,7,2,170314003001003,41.97578177,-87.69655641
2470,1630,W,Barry Ave,Chicago,IL,60657,32,6,29,6,11,5,12,170310626001006,41.91759748,-87.7827363
2480,9928,S,Crandon Ave,Chicago,IL,60617,7,51,2,17,33,2,4,170315103004012,41.79676012,-87.61610386
2490,2641,S,Calumet Ave,Chicago,IL,60616,4,35,15,3,5,7,3,170318392001001,41.84454327,-87.61876049
2510,2524,S,Central Park Ave,Chicago,IL,60623,22,30,16,12,24,4,7,170313006002015,41.93791004,-87.66985252
2520,650,E,91st Pl,Chicago,IL,60619,6,44,12,17,34,1,4,170314409001018,41.71440236,-87.56709397
2530,1621,W,Wabansia Ave,Chicago,IL,60622,1,24,10,5,10,5,12,170312402001017,41.84545047,-87.71489032
2540,3542,S,Washtenaw Ave,Chicago,IL,60632,12,58,17,11,21,4,7,170315801001012,41.7284532,-87.60743464
2550,932,N,Central Ave,Chicago,IL,60651,29,25,25,39,78,7,1,170312513002000,41.91238535,-87.66866113
2570,5329,S,Oak Park Ave,Chicago,IL,60638,23,56,7,11,21,3,11,170315609003014,41.82886851,-87.69241995
2580,8546,S,Cregier,Chicago,IL,60617,8,45,12,17,33,1,4,170314503004009,41.89766334,-87.76556894
2590,2620,S,Lawndale Ave,Chicago,IL,60623,22,30,16,12,24,4,7,170313017011004,41.79503038,-87.79158115
2600,707,E,37th St,Chicago,IL,60653,4,36,15,13,26,1,3,170318365002008,41.8277516,-87.60851429
2610,1234,N,Monticello Ave,Chicago,IL,60651,26,23,21,2,4,4,8,170312307002011,41.73922676,-87.58069239
2620,3740,N,Panama Ave,Chicago,IL,60634,36,17,24,10,19,5,9,170311705004002,41.84369897,-87.71728227
2630,1414,E,61st Pl,Chicago,IL,60637,20,42,13,13,25,1,3,170314202001005,41.9037928,-87.71788991
2650,2929,W,83rd St,Chicago,IL,60652,18,70,6,16,31,1,3,170317005022000,41.94800784,-87.82925896
2660,5516,S,Maplewood Ave,Chicago,IL,60629,16,63,17,1,1,3,7,170318351001005,41.78334088,-87.59079528
2670,5740,S,Michigan Ave,Chicago,IL,60637,20,40,15,3,5,1,2,170314005002002,41.74254406,-87.69601281
2690,901,E,133rd Pl,Chicago,IL,60827,9,54,22,15,29,2,5,170315401013008,41.7932727,-87.68776288
2710,630,E,131st St,Chicago,IL,60827,9,54,22,15,29,2,5,170315401022010,41.7898284,-87.62241609
2720,11314,S,Spaulding Ave,Chicago,IL,60655,19,74,3,18,35,3,11,170317404002002,41.65372953,-87.59951724
2730,832,W,Sheridan Rd,Chicago,IL,60613,46,6,29,6,12,5,10,170318321003007,41.65737753,-87.6064739
2740,2745,W,Roosevelt Rd,Chicago,IL,60608,28,29,19,5,9,7,2,170318433001005,41.68734786,-87.70317889
2750,2135,W,Foster Ave,Chicago,IL,60625,47,4,30,7,13,5,12,170310404022002,41.95278208,-87.65097925
2760,2021,N,Point St,Chicago,IL,60647,1,22,9,20,39,4,8,170312214003004,41.86646269,-87.6952598
2770,2450,W,Rice St,Chicago,IL,60622,1,24,21,2,4,7,8,170312425002007,41.97592174,-87.68326438
2780,5042,S,Artesian Ave,Chicago,IL,60632,14,63,17,1,1,4,7,170316302001018,41.9179714,-87.6945855
2790,13231,S,Burley Ave,Chicago,IL,60633,10,55,2,17,33,2,4,170315501004002,41.89668525,-87.68893629
2800,3121,W,Byron St,Chicago,IL,60618,33,16,27,20,40,4,8,170311607005009,41.80165918,-87.68557034
2810,6110,N,Fairfield Ave,Chicago,IL,60659,50,2,30,8,16,9,10,170310208022006,41.65455819,-87.54465019
2820,2350,W,110th Pl,Chicago,IL,60643,19,75,3,14,27,1,11,170317502004005,41.95206956,-87.70644261
2830,8441,S,Yates Blvd,Chicago,IL,60617,7,46,11,17,33,2,4,170314604003012,41.99254202,-87.69832318
2850,1003,N,Leavitt St,Chicago,IL,60622,32,24,10,2,4,7,12,170312423001029,41.69299857,-87.68089596
2860,8150,S,Bishop St,Chicago,IL,60620,21,71,5,16,31,1,4,170317106001012,41.74141253,-87.56600641
2870,7414,N,Wolcott Ave,Chicago,IL,60626,49,1,30,7,14,9,13,170310102012037,41.8995653,-87.68197478
2880,4046,N,Leavitt St,Chicago,IL,60618,47,5,30,6,11,5,12,170310502003009,41.74523755,-87.65973795
2890,1624,W,19th St,Chicago,IL,60608,25,31,16,1,2,4,7,170313108002005,42.01708749,-87.67772572
2900,6010,S,Throop St,Chicago,IL,60636,16,67,4,3,6,7,2,170316709002004,41.9555538,-87.68372855
2910,2510,S,Kildare Ave,Chicago,IL,60623,22,30,16,12,24,4,7,170313018012003,41.85600375,-87.66722648
2920,2554,W,113th St,Chicago,IL,60655,19,75,3,18,35,3,11,170317504001018,41.78468135,-87.65713255
2930,1241,W,19th St,Chicago,IL,60608,25,31,16,1,2,4,7,170313106003002,41.84560303,-87.73115617
2940,2128,S,Saint Louis Ave,Chicago,IL,60623,24,29,19,5,9,7,2,170318414001005,41.6881634,-87.68567603
2950,8601,W,Foster Ave,Chicago,IL,60656,41,76,24,10,20,5,9,170317608034002,41.85605616,-87.65798096
2960,3116,W,Belden Ave,Chicago,IL,60647,26,22,9,20,39,4,8,170312212002007,41.85266417,-87.71243346
2970,3014,W,39th Pl,Chicago,IL,60632,14,58,17,11,21,4,7,170315805011000,41.97374222,-87.84104174
2980,3810,W,81st Pl,Chicago,IL,60652,18,70,6,16,32,1,11,170317004012026,41.92329528,-87.7054124
2990,7030,N,Sacramento Ave,Chicago,IL,60645,50,2,30,8,16,9,13,170310203011000,41.82182418,-87.70020131
3010,7240,S,Wabash Ave,Chicago,IL,60619,6,69,12,16,32,1,3,170316910004007,41.74505032,-87.71735263
3020,3436,N,Osceola Ave,Chicago,IL,60634,36,17,24,10,19,5,9,170311708002011,42.00928815,-87.7045818
3030,5415,S,Union Ave,Chicago,IL,60609,3,61,4,3,6,7,2,170318438002023,41.76249075,-87.62330794
3040,8306,S,Saint Lawrence Ave,Chicago,IL,60619,6,44,12,17,34,1,4,170314402021017,41.94255239,-87.81309478
3050,431,N,Troy St,Chicago,IL,60612,27,23,20,5,10,7,1,170318367002042,41.7956451,-87.64268824
3060,1119,E,46th St,Chicago,IL,60653,4,39,15,13,25,7,3,170313902001006,41.81138912,-87.5985199
3061,6420,S,University Ave,Chicago,IL,60637,20,42,13,13,26,1,3,170318344001008,41.77811851,-87.59808045
3062,4444,S,Evans Ave,Chicago,IL,60653,3,38,15,13,26,1,3,170318360003014,41.81361484,-87.60836253
3070,535,E,35th St,Chicago,IL,60616,4,35,15,13,26,1,3,170313511003000,41.74366991,-87.60994224
3080,6108,S,Natoma Ave,Chicago,IL,60638,23,64,7,11,22,3,11,170316404002034,41.88928674,-87.70506197
3100,2710,S,Dearborn St,Chicago,IL,60616,3,35,15,3,6,7,3,170313504001003,41.83114661,-87.61295853
3110,9300,S,Princeton Ave,Chicago,IL,60620,21,49,5,14,27,1,4,170318340001025,41.78095523,-87.78756777
3120,1845,W,Cortland St,Chicago,IL,60622,32,22,10,5,10,5,12,170318310002017,41.84404358,-87.62851675
3130,2040,W,62nd St,Chicago,IL,60636,15,67,4,3,6,7,2,170316705001048,41.72559833,-87.63013085
3140,3400,W,65th Pl,Chicago,IL,60629,15,66,8,1,1,3,7,170316605003000,41.91594124,-87.67449544
3150,7350,W,Pratt Ave,Chicago,IL,60631,41,9,28,10,20,9,9,170310902002007,41.78119773,-87.67554651
3160,32,E,115th St,Chicago,IL,60628,9,49,22,14,28,2,5,170314914002028,41.77439302,-87.70795184
3170,6525,N,Hiawatha Ave,Chicago,IL,60646,41,12,28,8,15,5,10,170311202002000,42.00438051,-87.81116815
3180,8130,S,California Ave,Chicago,IL,60652,18,70,6,16,31,1,3,170317005013036,41.74536599,-87.69257776
3190,12339,S,Normal Ave,Chicago,IL,60628,34,53,22,14,28,1,5,170315305032000,41.68539096,-87.62165207
3200,4815,S,Karlov Ave,Chicago,IL,60632,14,57,17,1,1,4,11,170315703001016,41.99941351,-87.76185985
3220,243,N,Parkside Ave,Chicago,IL,60644,29,25,25,4,8,7,1,170312520001008,41.66944339,-87.63434211
3240,3600,W,5th Ave,Chicago,IL,60624,28,27,20,5,10,7,1,170312705001012,41.80554091,-87.72589285
3250,1865,W,Montvale,Chicago,IL,60643,19,75,3,14,27,1,5,170317505003023,41.88552865,-87.76662608
3260,3419,S,Bell Ave,Chicago,IL,60608,11,59,17,1,2,4,11,170318403003016,41.87571841,-87.7157916
3270,3020,N,Lamon Ave,Chicago,IL,60641,31,19,26,20,39,4,12,170311902002012,41.68944489,-87.66914442
3280,5414,N,Linder Ave,Chicago,IL,60630,45,11,28,10,19,5,9,170311105012002,41.83155458,-87.68134699
3330,10041,S,Union Ave,Chicago,IL,60628,34,73,22,14,27,1,5,170317305003005,41.93578539,-87.74929389
3340,5135,S,California Ave,Chicago,IL,60632,14,63,17,1,1,4,7,170316305004004,41.79992965,-87.6938983
3341,1641,W,16th St,Chicago,IL,60608,25,31,16,1,2,4,7,170313108001001,41.85953145,-87.66794975
3342,2845,W,Barry Ave,Chicago,IL,60618,33,21,9,20,40,4,8,170312108001007,41.93750322,-87.69959378
3343,4248,W,47th St,Chicago,IL,60632,14,57,17,1,1,4,11,170315702001016,41.80784007,-87.73035914
3344,4248,W,47th St,Chicago,IL,60632,14,57,17,1,1,4,11,170315702001016,41.80784007,-87.73035914
3345,4248,W,47th St,Chicago,IL,60632,14,57,17,1,1,4,11,170315702001016,41.80784007,-87.73035914
3346,2916,W,47th St,Chicago,IL,60632,14,58,17,1,1,4,7,170318428005007,41.80828139,-87.69739333
3350,7019,N,Ashland Ave,Chicago,IL,60626,49,1,30,7,14,9,13,170310106004004,41.97978968,-87.76603488
3360,6020,S,Langley Ave,Chicago,IL,60637,20,42,13,3,5,1,3,170314205001001,41.71118307,-87.64045026
3370,2233,S,Kedzie Ave,Chicago,IL,60623,24,30,16,11,21,4,7,170313009002003,42.00966309,-87.67002218
3380,2832,W,24th Blvd,Chicago,IL,60623,12,30,16,11,21,4,7,170318407002011,41.78518334,-87.60859624
3390,5252,W,Palmer St,Chicago,IL,60639,37,19,26,2,3,4,8,170311912001013,41.85077098,-87.70514877
3400,9025,S,Throop St,Chicago,IL,60620,21,73,5,14,27,1,4,170317302012009,41.84792346,-87.69663009
3410,751,S,Sacramento Blvd,Chicago,IL,60612,2,27,20,5,9,7,2,170312718001007,41.92048339,-87.75821282
3420,225,W,Evergreen Ave,Chicago,IL,60610,43,8,29,6,12,7,2,170310803001007,41.72967209,-87.65551779
3430,8530,S,Wood St,Chicago,IL,60620,18,71,5,18,36,1,3,170317112003007,41.87117946,-87.70085606
3440,4214,S,Saint Lawrence Ave,Chicago,IL,60653,4,38,15,13,26,1,3,170313801001027,41.90662743,-87.63551358
3450,5300,S,Hermitage Ave,Chicago,IL,60609,16,61,4,3,6,7,11,170316118002004,41.73842601,-87.66806268
3460,2010,N,Central Park,Chicago,IL,60647,26,22,9,2,3,4,8,170312209012008,41.81800373,-87.61174736
3480,1631,W,Jonquil Ter,Chicago,IL,60626,49,1,30,7,14,9,13,170310101002011,41.79758117,-87.66839923
3490,10347,S,Ewing Ave,Chicago,IL,60617,10,52,2,13,25,2,4,170315204004004,41.917617,-87.71685493
3500,3729,W,Leland Ave,Chicago,IL,60625,39,14,27,20,40,4,8,170311406023008,41.96643311,-87.72182521
3510,5225,N,Oak Park Ave,Chicago,IL,60656,41,10,28,10,19,5,9,170311006002038,42.02111795,-87.67193673
3520,3740,W,31st St,Chicago,IL,60623,22,30,16,12,24,4,7,170313017021006,41.70680108,-87.53521193
3530,9301,S,State St,Chicago,IL,60619,6,49,12,17,34,1,4,170314903002011,41.97635198,-87.79627189
3550,7316,S,Hoyne Ave,Chicago,IL,60636,17,67,4,16,31,1,3,170316720004008,41.83703772,-87.71869572
3560,2236,N,Rockwell St,Chicago,IL,60647,1,22,9,20,39,4,8,170312214001005,41.72533163,-87.62375606
3570,12302,S,State St,Chicago,IL,60628,9,53,22,15,29,2,5,170315305021000,41.76061464,-87.67592887
3580,12810,S,Escanaba Ave,Chicago,IL,60633,10,55,2,17,33,2,4,170315502001025,41.9228315,-87.69286296
3590,5120,N,Winthrop Ave,Chicago,IL,60640,48,3,30,7,13,9,10,170310312003001,41.67061831,-87.62250908
3600,4436,S,Union Ave,Chicago,IL,60609,11,61,18,3,6,3,11,170318426004008,41.66248096,-87.55327011
3620,3730,N,Laramie Ave,Chicago,IL,60641,38,15,27,20,39,4,12,170311507002000,41.97581701,-87.65787572
3630,3000,S,Lawndale Ave,Chicago,IL,60623,22,30,16,12,24,4,7,170313017021006,41.81330446,-87.64330757
3640,1119,E,46th St,Chicago,IL,60653,4,39,15,13,25,7,3,170313902001006,41.94876428,-87.75707885
3650,3525,S,Honore,Chicago,IL,60609,11,59,17,1,2,3,7,170315906001000,41.83879101,-87.71715363
3660,3715,W,Polk St,Chicago,IL,60624,24,27,20,5,9,7,2,170312705001038,41.81138912,-87.5985199
3670,8524,S,Green St,Chicago,IL,60620,21,71,5,14,27,1,4,170317110002014,41.8296687,-87.67152905
3680,5450,W,64th Pl,Chicago,IL,60638,13,64,7,11,22,3,11,170316407004016,41.8707696,-87.71866646
3690,4420,S,Sacramento Ave,Chicago,IL,60632,14,58,17,1,1,4,7,170315805022008,41.73892072,-87.64498861
3700,247,W,23rd Pl,Chicago,IL,60616,25,34,18,1,2,7,2,170318411002017,41.77543683,-87.75880234
3710,6140,S,Melvina,Chicago,IL,60638,23,64,7,11,22,3,11,170316403006018,41.81300814,-87.69932752
3720,8344,S,Commercial Ave,Chicago,IL,60617,10,46,11,13,26,2,4,170314603023000,41.84998575,-87.63380702
3730,1650,W,Cornelia Ave,Chicago,IL,60657,32,6,29,6,11,5,12,170318319002014,41.78019251,-87.77654206
3740,4747,S,Bishop St,Chicago,IL,60609,20,61,17,3,6,7,7,170316112001002,41.74375501,-87.55182517
3750,2819,W,21st Pl,Chicago,IL,60623,12,30,16,11,21,4,7,170318407001011,41.94519222,-87.67086451
3760,2332,S,Western Ave,Chicago,IL,60608,25,31,16,1,2,4,2,170318413002002,41.80724101,-87.66121133
3770,1841,N,Springfield Ave,Chicago,IL,60647,30,20,9,2,4,4,8,170318312001009,41.85274657,-87.69624382
3780,1556,E,56th St,Chicago,IL,60637,5,41,14,13,25,1,3,170314110003003,41.84921545,-87.68563115
3800,7525,S,Harvard,Chicago,IL,60620,17,69,5,16,31,1,3,170316912001001,41.91481569,-87.72396786
3810,4540,N,Hamlin Ave,Chicago,IL,60625,39,14,27,20,40,4,12,170311406023012,41.7934198,-87.58685411
3820,2728,S,Kostner Ave,Chicago,IL,60623,22,30,16,12,24,4,7,170313018012023,41.75734007,-87.63277352
3830,3319,N,Clifton Ave,Chicago,IL,60657,44,6,29,6,12,5,10,170310622002010,41.96402918,-87.72309127
3840,1018,N,Laramie Ave,Chicago,IL,60651,37,25,25,4,8,7,1,170312512004019,41.84139453,-87.73427664
3850,1518,W,Granville Ave,Chicago,IL,60660,40,77,30,7,13,9,10,170310302004021,41.94227489,-87.65774562
3860,6657,S,Kimbark Ave,Chicago,IL,60637,5,42,13,13,26,1,3,170318344002014,41.89917189,-87.75577653
3870,744,E,103rd St,Chicago,IL,60628,8,50,22,17,34,2,4,170315001004030,41.99451345,-87.66850327
3880,3010,S,Parnell Ave,Chicago,IL,60616,11,60,18,1,2,3,11,170318401002013,41.77336523,-87.59442865
3890,4640,S,Lamon Ave,Chicago,IL,60638,23,56,7,1,1,3,11,170315602003024,41.70753018,-87.60465959
3900,4747,S,Winchester Ave,Chicago,IL,60609,20,61,17,1,2,3,7,170316114003005,41.83959538,-87.64030406
3910,4409,W,Wilcox St,Chicago,IL,60624,28,26,20,5,10,7,1,170312605001007,41.80817562,-87.74568939
3920,5650,S,Wolcott Ave,Chicago,IL,60636,15,67,4,3,6,7,2,170316704001024,41.80711154,-87.67336393
3930,4316,S,Princeton Ave,Chicago,IL,60609,3,37,15,3,6,7,2,170318355002009,41.87869209,-87.73580239
3940,4250,N,Saint Louis Ave,Chicago,IL,60618,33,16,27,20,40,4,8,170311605012017,41.79059182,-87.67185065
3960,1212,S,Plymouth Ct,Chicago,IL,60605,2,33,1,3,6,7,2,170313302002006,41.81578839,-87.6336278
3970,3711,W,Douglas Blvd,Chicago,IL,60623,24,29,19,5,9,7,2,170318387004002,41.95898944,-87.71559562
3980,4619,S,Wolcott Ave,Chicago,IL,60609,20,61,17,1,2,3,7,170316103003025,41.86687504,-87.6285783
3990,8,W,Root St,Chicago,IL,60609,3,38,15,3,5,7,3,170313805001006,41.81924917,-87.62662118
4000,3244,W,Ainslie St,Chicago,IL,60625,39,14,27,8,15,5,12,170311402001007,41.86230965,-87.7182564
4010,5625,N,McVicker Ave,Chicago,IL,60646,45,10,28,10,19,5,9,170311001003015,41.80976983,-87.67221827
4020,1104,W,31st St,Chicago,IL,60608,11,60,18,1,2,3,11,170316006001015,41.9703078,-87.71036109
4030,955,W,Garfield Blvd,Chicago,IL,60621,16,68,4,3,6,7,2,170318347002001,41.98367214,-87.77915983
4060,720,N,Lorel Ave,Chicago,IL,60644,37,25,25,4,8,7,1,170312515003000,41.83799995,-87.65379106
4080,8905,S,Crandon Ave,Chicago,IL,60617,7,48,11,13,25,2,4,170314804001002,41.79381509,-87.64979603
4090,8324,S,Racine Ave,Chicago,IL,60620,21,71,5,16,31,1,4,170317111001000,41.89361291,-87.75936167
4100,10650,S,Eberhart Ave,Chicago,IL,60628,9,49,22,14,28,2,5,170314909021024,41.73333712,-87.56826473
4110,4247,W,15th St,Chicago,IL,60623,24,29,19,5,9,7,2,170312909003017,41.74245208,-87.65359681
4120,3849,W,69th Pl,Chicago,IL,60629,13,65,8,11,22,3,11,170316504004000,41.70033568,-87.61120785
4140,4934,S,Wabash Ave,Chicago,IL,60615,3,38,15,3,5,7,3,170313818001010,41.80455878,-87.62441056
4150,620,N,Sawyer Ave,Chicago,IL,60624,27,23,20,5,10,7,1,170318367001016,41.89255083,-87.70775976
4160,820,S,Carpenter St,Chicago,IL,60607,25,28,23,5,9,7,2,170318333001032,41.86054518,-87.73177802
4170,3149,N,Wolcott Ave,Chicago,IL,60657,32,5,29,6,11,5,12,170310513001002,41.76681272,-87.71954153
4180,5650,N,Mozart St,Chicago,IL,60659,40,2,30,7,13,5,10,170310207012009,41.87125537,-87.65332885
4200,1119,N,Cleveland Ave,Chicago,IL,60610,27,8,1,5,9,7,2,170318383001008,41.93924675,-87.67584646
4210,1420,W,17th St,Chicago,IL,60608,25,31,16,1,2,4,7,170313106001013,41.9846415,-87.70049265
4220,11530,S,Prairie Ave,Chicago,IL,60628,9,53,22,17,34,2,5,170315301001015,41.68443323,-87.61685178
4230,1746,S,Miller St,Chicago,IL,60608,25,31,16,1,2,4,7,170313104001002,41.902054,-87.64109227
4240,9241,S,Leavitt St,Chicago,IL,60620,18,71,3,18,36,1,3,170317005021001,41.725271,-87.677275
4250,2850,W,24th Blvd,Chicago,IL,60623,12,30,16,11,21,4,7,170318407002011,41.85806537,-87.6522649
4260,4959,S,Blackstone Ave,Chicago,IL,60615,4,39,14,13,25,1,3,170313907002006,41.74068795,-87.67712874
4270,6450,S,Lowe Ave,Chicago,IL,60621,20,68,4,3,6,1,2,170316809001008,41.84791328,-87.69731481
4290,3501,W,Potomac Ave,Chicago,IL,60651,26,23,21,2,4,4,8,170312308001015,41.80430753,-87.59046751
4300,6700,N,Greenview Ave,Chicago,IL,60626,40,1,30,7,14,9,10,170310106001015,41.77645329,-87.64085537
4320,2345,S,Millard Ave,Chicago,IL,60623,22,30,16,11,21,7,7,170313006001019,41.9045302,-87.71423422
4330,5625,S,Mobile Ave,Chicago,IL,60638,23,56,7,11,22,3,11,170315611006005,42.003641,-87.66818568
4350,9351,S,Lowe Ave,Chicago,IL,60620,21,73,5,14,27,1,4,170317301002002,41.84848725,-87.7160541
4370,1616,S,Spaulding Ave,Chicago,IL,60623,24,29,19,5,9,7,2,170318415002021,41.85851913,-87.70795224
4371,5608,W,Washington Blvd,Chicago,IL,60644,29,25,25,4,8,7,1,170312520002000,41.88229478,-87.76532138
4380,1501,N,Greenview Ave,Chicago,IL,60642,32,24,10,5,10,5,1,170312416001009,41.7897226,-87.77917859
4390,936,E,54th St,Chicago,IL,60615,4,41,14,13,26,1,3,170314105001000,41.7236264,-87.63955735
4410,1150,W,96th St,Chicago,IL,60643,21,73,5,14,27,1,4,170317304004003,41.90888534,-87.66512999
4420,1734,N,Orleans St,Chicago,IL,60614,43,7,29,6,12,5,10,170310715004008,41.79797444,-87.60248098
4430,3500,W,Douglas Blvd,Chicago,IL,60623,24,29,19,5,9,7,2,170312912002006,41.71926451,-87.65249965
4450,1431,N,Leamington Ave,Chicago,IL,60651,37,25,25,4,8,7,1,170312508001018,41.91390017,-87.63752813
4460,3120,S,Kostner Ave,Chicago,IL,60623,22,30,16,11,21,4,7,170318305001006,41.98903319,-87.665188
4470,5300,S,Loomis Blvd,Chicago,IL,60609,16,61,4,3,6,7,11,170316119002021,41.86293259,-87.71295615
4480,615,W,Kemper Pl,Chicago,IL,60614,43,7,29,6,11,5,10,170310712001008,41.90682557,-87.75458668
4490,3221,N,Sacramento Ave,Chicago,IL,60618,33,21,9,20,40,4,8,170312101002018,41.79768534,-87.65989615
4500,2103,N,Lamon Ave,Chicago,IL,60639,31,19,26,2,3,4,8,170311911001014,41.92455225,-87.64449813
4510,2828,N,Oak Park Ave,Chicago,IL,60634,36,18,26,2,3,4,9,170311801002009,41.94000853,-87.70267142
4520,7823,S,Ellis Ave,Chicago,IL,60619,8,69,11,3,5,1,3,170316915002025,41.75245804,-87.6002912
4530,6333,W,Bloomingdale Ave,Chicago,IL,60639,29,25,26,39,78,7,1,170312504005011,41.91881366,-87.74855175
4540,3320,W,Hirsch St,Chicago,IL,60651,26,23,21,2,4,4,8,170312309001023,41.93176296,-87.79556733
4560,2941,N,McVicker Ave,Chicago,IL,60634,29,19,26,2,3,4,8,170311904012000,41.91274547,-87.78391939
4570,7433,S,Dorchester Ave,Chicago,IL,60619,5,43,11,3,5,1,3,170314304004005,41.90649215,-87.71021638
4580,1420,N,Hudson Ave,Chicago,IL,60610,27,8,29,5,9,7,2,170310804001009,41.93419147,-87.77721094
4600,5252,W,Palmer St,Chicago,IL,60639,37,19,26,2,3,4,8,170311912001013,41.75954765,-87.59074904
4610,8050,S,Chappel Ave,Chicago,IL,60617,8,46,11,17,33,2,4,170314605006006,41.90824752,-87.63978979
4620,6550,S,Richmond St,Chicago,IL,60629,15,66,8,1,1,7,11,170316608004004,41.92048339,-87.75821282
4630,9822,S,Exchange Ave,Chicago,IL,60617,10,51,2,13,25,2,4,170315101002051,41.74827449,-87.574779
4640,3250,W,Monroe St,Chicago,IL,60624,28,27,20,5,10,7,1,170312713001000,41.77388174,-87.69699315
4650,4217,W,18th St,Chicago,IL,60623,24,29,19,5,9,7,2,170312925004016,41.71658839,-87.5524468
4660,6201,S,Fairfield Ave,Chicago,IL,60629,15,66,8,3,6,7,11,170318350003014,41.87968615,-87.70809136
4680,2250,N,Clifton Ave,Chicago,IL,60614,32,7,29,6,11,5,10,170310710001013,41.85690714,-87.73046974
4690,1340,W,Harrison St,Chicago,IL,60607,2,28,23,5,9,7,2,170318329002009,41.78090344,-87.69215172
4710,3527,S,Wallace St,Chicago,IL,60609,11,60,18,3,6,3,11,170318399001000,41.92320419,-87.6572507
4720,2712,S,Sawyer Ave,Chicago,IL,60623,22,30,16,11,21,4,7,170318408001016,41.8742722,-87.66098384
4730,3141,W,Jackson Blvd,Chicago,IL,60612,28,27,20,5,10,7,2,170312712001023,41.87727579,-87.705235
4740,6543,S,Champlain Ave,Chicago,IL,60637,20,42,13,3,5,1,3,170314207002004,41.82999233,-87.64113926
4750,8801,S,Indiana Ave,Chicago,IL,60619,6,44,12,17,34,1,4,170314406001003,41.84226791,-87.70626341
4760,6901,S,Fairfield Ave,Chicago,IL,60629,18,66,8,16,32,1,2,170316609003022,41.77542335,-87.60939386
4770,5411,W,Fullerton Ave,Chicago,IL,60639,37,19,26,2,3,4,8,170311912002000,41.73454933,-87.61925107
4800,4728,N,Wolcott Ave,Chicago,IL,60640,47,4,30,7,13,5,12,170318308001002,41.76814253,-87.69182316
4840,2233,W,Ohio St,Chicago,IL,60612,26,24,10,5,10,5,8,170312429002001,41.92398269,-87.76151562
4850,3651,W,Schubert Ave,Chicago,IL,60647,35,22,9,20,39,4,8,170312207024006,41.96784742,-87.67625149
4860,1310,S,Ashland Ave,Chicago,IL,60608,2,28,23,5,9,7,2,170318429004065,41.8921096,-87.68318543
4870,1711,N,California Ave,Chicago,IL,60647,1,24,21,2,4,4,8,170312407001004,41.93001604,-87.71922457
4880,6011,S,Rockwell St,Chicago,IL,60629,15,66,8,3,6,7,11,170318350005013,41.86472459,-87.66640753
4890,851,W,Waveland Ave,Chicago,IL,60613,44,6,29,6,12,5,10,170310610001009,41.91250483,-87.69697811
4910,2235,N,Hamilton Ave,Chicago,IL,60647,32,22,10,6,11,5,12,170318322001018,41.92241391,-87.6813947
4911,1817,W,80th St,Chicago,IL,60620,18,71,5,16,31,1,3,170317105003002,41.74840985,-87.66898023
4913,3820,N,Spaulding Ave,Chicago,IL,60618,33,16,27,20,40,4,8,170311608005019,41.95089186,-87.71045568
4914,9535,S,Loomis St,Chicago,IL,60643,21,73,5,14,27,1,4,170317304002001,41.72024585,-87.65759768
4920,533,W,27th St,Chicago,IL,60616,11,60,18,1,2,3,11,170318401001009,41.7843127,-87.68858591
4940,10841,S,Homan Ave,Chicago,IL,60655,19,74,3,18,35,3,11,170317403002009,41.94903073,-87.65157417
4950,6445,W,Strong St,Chicago,IL,60656,41,10,28,10,19,5,9,170311007001015,41.8444276,-87.64134021
4960,3020,W,108th St,Chicago,IL,60655,19,74,3,18,35,3,11,170317401003002,41.69573313,-87.70584655
4980,10540,S,Morgan St,Chicago,IL,60643,34,73,22,14,27,1,5,170317307002032,41.97015232,-87.78963079
4990,6751,W,63rd Pl,Chicago,IL,60638,23,64,7,11,22,3,11,170316405001010,41.69714289,-87.69727786
5000,2200,N,Hamlin Ave,Chicago,IL,60647,35,22,9,2,4,4,8,170312209021018,41.70195278,-87.64761588
5020,3539,W,Grace St,Chicago,IL,60618,35,16,27,20,40,4,8,170311608004008,41.77658371,-87.79060515
5030,5335,S,Kenwood Ave,Chicago,IL,60615,4,41,14,13,25,1,3,170314107001008,41.92091025,-87.72185141
5040,12607,S,Union Ave,Chicago,IL,60628,9,53,22,14,28,2,5,170315305033019,41.95010519,-87.71683248
5050,4837,W,Erie St,Chicago,IL,60644,28,25,25,4,8,7,1,170312517001041,41.79853508,-87.59337707
5060,8555,S,Michigan Ave,Chicago,IL,60619,6,44,12,17,34,1,4,170314403003010,41.66487274,-87.63899431
5070,3252,N,Broadway St,Chicago,IL,60657,44,6,29,6,12,5,10,170310620001007,41.892202,-87.74721568
5080,700,W,Willow St,Chicago,IL,60614,43,7,29,5,9,5,10,170310718001005,41.73840604,-87.62097009
5090,5250,S,Rockwell St,Chicago,IL,60632,14,63,17,1,1,4,7,170316305004012,41.94163726,-87.64452448
5100,2121,N,Keeler Ave,Chicago,IL,60639,30,20,9,2,4,4,8,170312004022012,41.91391978,-87.64598962
5110,4127,W,Hirsch St,Chicago,IL,60651,37,23,20,5,10,7,1,170312306003017,41.79771494,-87.6891022
5120,5900,N,Nina Ave,Chicago,IL,60631,41,10,28,10,20,5,9,170311003004016,41.91958088,-87.73145683
5130,6936,S,Hermitage Ave,Chicago,IL,60636,17,67,4,16,32,7,2,170316715003015,41.76739068,-87.66760236
5140,1425,N,Tripp Ave,Chicago,IL,60651,37,23,20,2,4,7,8,170312306004011,41.90618259,-87.72995523
5150,24,W,Walton St,Chicago,IL,60610,42,8,1,3,5,7,2,170310811001002,41.98813256,-87.80295418
5170,7646,S,Green St,Chicago,IL,60620,17,71,5,16,31,1,3,170317102001010,41.9069065,-87.73247982
5180,6940,S,Merrill Ave,Chicago,IL,60649,5,43,11,13,25,2,3,170314301011002,41.89997649,-87.62929657
5190,6634,W,Raven St,Chicago,IL,60631,41,10,28,10,20,5,9,170311002002011,41.75467057,-87.64543285
5200,5424,N,Oketo Ave,Chicago,IL,60656,41,10,28,10,20,9,9,170311005003000,41.76860289,-87.57276931
5210,1040,N,Keeler Ave,Chicago,IL,60651,37,23,20,5,10,7,1,170318421006008,41.99376291,-87.79310811
5220,525,N,Armour St,Chicago,IL,60642,27,24,10,2,4,5,8,170312433002018,41.97850099,-87.81201727
5230,6550,S,Seeley Ave,Chicago,IL,60636,15,67,4,16,32,7,2,170316714001021,41.90014026,-87.73122387
5240,8247,S,Christiana Ave,Chicago,IL,60652,18,70,6,16,31,1,3,170317004014013,41.89180557,-87.66546296
5250,249,E,37th St,Chicago,IL,60653,3,35,15,3,5,1,3,170318396002009,41.77416435,-87.67505995
5260,5051,N,Kenneth Ave,Chicago,IL,60630,39,14,27,8,15,5,12,170311404004006,41.74284939,-87.70578572
5270,6800,S,Stewart Ave,Chicago,IL,60621,6,68,4,16,32,1,3,170316812003013,41.8273827,-87.61978028
5290,7037,S,Rhodes Ave,Chicago,IL,60637,6,69,12,16,32,1,3,170316905001023,41.97328884,-87.73924971
5300,6938,S,East End Ave,Chicago,IL,60649,5,43,11,13,26,2,3,170314302003000,41.77079113,-87.63522955
5310,5825,S,Kostner Ave,Chicago,IL,60629,13,62,17,11,22,3,11,170316203005005,41.76647601,-87.61158224
5340,3826,W,58th St,Chicago,IL,60629,13,62,17,11,22,3,7,170316204003004,41.76855571,-87.58291773
5350,749,S,Oakley Blvd,Chicago,IL,60612,25,28,23,5,9,7,2,170318382001008,41.78689479,-87.73270311
5360,1423,W,Bryn Mawr Ave,Chicago,IL,60660,48,77,30,7,14,9,10,170310308001009,41.78787154,-87.71921547
5370,1616,S,Avers Ave,Chicago,IL,60623,24,29,19,5,9,7,2,170312924001002,41.87159493,-87.68365236
5380,9130,S,University Ave,Chicago,IL,60619,8,47,12,17,33,1,4,170314701001001,41.98348323,-87.66585056
5390,2410,S,Leavitt St,Chicago,IL,60608,25,31,16,1,2,4,7,170318413003000,41.85838712,-87.72126297
5400,3200,S,Calumet Ave,Chicago,IL,60616,2,35,15,3,5,1,3,170318395001007,41.72853462,-87.59621999
5410,5510,N,Christiana Ave,Chicago,IL,60625,40,13,27,7,13,5,12,170318318005005,41.84810153,-87.68070784
5420,10309,S,Morgan St,Chicago,IL,60643,34,73,22,14,27,1,5,170317307002000,41.8365273,-87.61830096
5430,2301,W,21st Pl,Chicago,IL,60608,25,31,16,1,2,4,7,170318412002034,41.9815576,-87.7125458
5440,650,E,85th St,Chicago,IL,60619,6,44,12,17,34,1,4,170314402022010,41.70660231,-87.64761378
5450,2642,W,15th Pl,Chicago,IL,60608,28,29,19,5,9,7,2,170318433001043,41.85292784,-87.68329075
5460,10538,S,Langley Ave,Chicago,IL,60628,9,50,22,17,34,2,4,170315002002014,41.7403128,-87.60789026
5470,646,N,Lawndale Ave,Chicago,IL,60624,27,23,20,5,10,7,1,170312315006022,41.86023146,-87.69252498
5490,5330,W,Berteau Ave,Chicago,IL,60641,38,15,27,10,19,4,12,170311503003009,41.70263055,-87.60638256
5500,1632,W,Wrightwood Ave,Chicago,IL,60614,32,7,29,6,11,5,12,170310707001012,41.89323619,-87.71876057
5510,4650,N,Menard Ave,Chicago,IL,60630,45,15,27,10,19,5,9,170311504013007,41.9569602,-87.76100639
5520,2230,W,McLean Ave,Chicago,IL,60647,32,22,10,5,10,5,12,170312216001032,41.92881366,-87.6695269
5530,11311,S,Forrestville Ave,Chicago,IL,60628,9,50,22,17,34,2,4,170315003002011,41.96561978,-87.77237741
5550,4332,N,Paulina St,Chicago,IL,60613,47,6,30,6,11,5,12,170310602001002,41.91845884,-87.68380056
5560,5631,S,Kimbark Ave,Chicago,IL,60637,5,41,14,13,25,1,3,170314112001005,41.6888189,-87.60946757
5580,834,E,50th St,Chicago,IL,60615,4,39,14,13,26,1,3,170313904002010,41.96074633,-87.67088566
5590,3650,W,School St,Chicago,IL,60618,35,21,9,20,40,4,8,170318311004002,41.79234734,-87.59478873
5600,3425,N,Major Ave,Chicago,IL,60634,38,15,27,20,39,5,12,170311512001011,41.80414635,-87.60492484
5610,1010,E,72nd St,Chicago,IL,60619,5,69,11,3,5,1,3,170318418002029,41.94106655,-87.71954001
5630,7345,N,Washtenaw Ave,Chicago,IL,60645,50,2,30,8,16,9,13,170310202002007,41.94301828,-87.76901937
5640,4747,S,Marshfield Ave,Chicago,IL,60609,20,61,17,3,6,7,7,170316113001004,41.76416842,-87.60017639
5660,7831,S,Prairie Ave,Chicago,IL,60619,6,69,12,17,34,1,4,170316913002020,42.01526531,-87.69722219
5670,8716,S,Wallace St,Chicago,IL,60620,21,71,5,14,27,1,4,170317115002009,41.80714233,-87.66607361
5690,6040,N,Kilpatrick Ave,Chicago,IL,60646,39,12,28,8,15,5,10,170311203004006,41.75194512,-87.61810309
5710,5248,S,Sawyer Ave,Chicago,IL,60632,14,63,17,1,1,4,7,170316303001014,41.73537992,-87.63880607
5720,1850,N,Newland Ave,Chicago,IL,60707,36,25,26,39,78,7,9,170312505004020,41.99115476,-87.74592021
5730,4201,W,Henderson St,Chicago,IL,60641,30,16,27,20,39,4,12,170311613003002,41.79749878,-87.70496912
5770,7507,W,Birchwood Ave,Chicago,IL,60631,41,9,28,10,20,9,9,170310901004022,41.91415123,-87.79868397
5780,1405,N,Washtenaw Ave,Chicago,IL,60622,26,24,21,2,4,4,8,170312410001005,41.90677155,-87.69440116
5800,2727,N,Long Ave,Chicago,IL,60639,31,19,26,20,39,4,12,170311907012007,41.94170504,-87.73217949
5810,2651,W,23rd St,Chicago,IL,60608,28,30,16,11,21,4,7,170313012003000,41.85006285,-87.69255161
5820,4600,S,Hermitage Ave,Chicago,IL,60609,20,61,17,3,6,3,7,170316104001015,42.01691907,-87.81419582
5840,3814,W,Iowa St,Chicago,IL,60651,27,23,20,5,10,7,1,170312312003002,41.89728559,-87.72195859
5850,4027,W,Grenshaw St,Chicago,IL,60624,24,29,19,5,9,7,2,170318430002027,41.88521269,-87.76328559
5860,4520,S,Kedzie Ave,Chicago,IL,60632,14,58,17,1,1,4,7,170315804002003,41.93040255,-87.7612272
5870,4217,W,18th St,Chicago,IL,60623,24,29,19,5,9,7,2,170312925004016,41.85690714,-87.73046974
5880,9000,S,Exchange Ave,Chicago,IL,60617,10,46,11,13,26,2,4,170318339002018,41.81033375,-87.66873534
5890,1000,W,52nd St,Chicago,IL,60609,16,61,4,3,6,7,2,170316120002000,41.81106945,-87.70416193
5900,245,W,57th St,Chicago,IL,60621,20,68,4,3,5,7,2,170318346004027,41.73171742,-87.55275132
5910,4250,S,Rockwell St,Chicago,IL,60632,12,58,17,1,2,4,7,170315806003000,41.79973978,-87.65021158
5920,1330,E,50th St,Chicago,IL,60615,4,39,14,13,25,1,3,170313906002003,41.79082769,-87.63227934
5930,11140,S,Bishop St,Chicago,IL,60643,34,75,22,14,27,1,4,170317506004001,41.81590997,-87.68961056
5940,1260,W,Adams St,Chicago,IL,60607,27,28,23,5,9,7,1,170318331003016,41.80426658,-87.59390428
5950,9755,S,Greenwood Ave,Chicago,IL,60628,8,50,12,17,34,1,4,170315001002005,41.69091954,-87.65863245
5960,4310,N,Melvina Ave,Chicago,IL,60634,38,15,27,10,19,5,12,170311505021009,41.87907511,-87.65941827
5970,1059,W,13th St,Chicago,IL,60608,2,28,23,5,9,7,2,170312838001004,41.71698818,-87.5969685
5980,6206,N,Hamlin Ave,Chicago,IL,60659,39,13,27,8,15,5,10,170311301001024,41.95886865,-87.78193778
6000,214,N,Lavergne Ave,Chicago,IL,60644,28,25,25,4,8,7,1,170312518002010,41.86537846,-87.65344524
6010,2400,S,Marshall Blvd,Chicago,IL,60623,12,30,16,11,21,4,7,170313011001004,41.99394269,-87.72400585
6030,8010,S,Kostner Ave,Chicago,IL,60652,13,70,6,16,32,3,11,170317003013012,41.88487712,-87.75040802
6050,10845,S,Union Ave,Chicago,IL,60628,34,49,22,14,28,2,5,170314911004016,41.84816155,-87.69905409
6070,6239,N,Leavitt St,Chicago,IL,60659,50,2,30,8,16,9,10,170310209011000,41.7471076,-87.73162905
6080,3444,W,Wabansia Ave,Chicago,IL,60647,26,23,21,2,4,4,8,170312302001008,41.69649548,-87.64001021
6100,8331,S,Mackinaw,Chicago,IL,60617,10,46,11,13,25,2,4,170314602001001,41.99535815,-87.68482955
6110,4320,W,5th Ave,Chicago,IL,60624,24,26,20,5,10,7,2,170312610001032,41.91191064,-87.71331702
6120,10015,S,Leavitt St,Chicago,IL,60643,19,72,3,18,35,3,11,170317203003014,41.7438281,-87.54296425
6130,5900,N,Winthrop Ave,Chicago,IL,60660,48,77,30,7,14,9,10,170310306012001,41.87080269,-87.73351105
6140,1840,W,Ohio St,Chicago,IL,60622,1,24,10,2,4,5,8,170312431002001,41.71144444,-87.67685779
6150,9912,S,Avenue H,Chicago,IL,60617,10,52,2,13,25,2,4,170315201001042,41.98913968,-87.65825931
6170,1441,W,119th St,Chicago,IL,60643,34,53,22,14,27,1,5,170315304002004,41.89237718,-87.67372192
6180,8914,S,Buffalo Ave,Chicago,IL,60617,10,46,11,13,25,2,4,170318339001007,41.71547037,-87.53293414
6190,6024,W,Warwick Ave,Chicago,IL,60634,38,17,24,2,3,5,12,170311702001015,41.67753288,-87.65811158
6210,223,N,Keeler Ave,Chicago,IL,60624,28,26,20,5,10,7,1,170312602001013,41.73332966,-87.54444182
6220,5815,S,Homan Ave,Chicago,IL,60629,14,63,17,11,22,4,7,170316309002004,41.94854387,-87.77763072
6240,5134,S,Lotus Ave,Chicago,IL,60638,23,56,7,1,1,3,11,170315607002010,41.88410161,-87.7306031
6250,9510,S,Prospect Ave,Chicago,IL,60643,19,72,3,18,35,1,11,170317202001002,41.78752267,-87.70821584
6260,138,W,109th St,Chicago,IL,60628,34,49,22,14,28,2,5,170314910002002,41.79904697,-87.75889174
6270,4950,N,Avers Ave,Chicago,IL,60625,39,14,27,20,40,5,12,170311403021002,41.72082321,-87.66552293
6290,4929,N,Sawyer Ave,Chicago,IL,60625,39,14,27,8,15,5,12,170311402001008,41.69623491,-87.62714703
6300,6650,S,Ellis Ave,Chicago,IL,60637,5,42,13,13,26,1,3,170314208002015,41.9716342,-87.72456845
6310,3202,W,28th St,Chicago,IL,60623,22,30,16,11,21,4,7,170318408001018,41.97114093,-87.70970075
6320,2015,S,Peoria St,Chicago,IL,60608,25,31,16,1,2,4,7,170313103001034,41.77347832,-87.60098146
6330,2701,S,Shields Ave,Chicago,IL,60616,11,34,18,1,2,7,2,170313403001022,41.84092948,-87.7050635
6340,2022,W,Washington Blvd,Chicago,IL,60612,2,28,23,5,10,7,1,170318378002014,41.76437964,-87.70644401
6350,9239,S,Jeffery Ave,Chicago,IL,60617,8,48,11,17,33,2,4,170314804004004,41.85483515,-87.64812287
6360,3611,E,114th St,Chicago,IL,60617,10,52,2,13,25,2,4,170315206001061,41.84397943,-87.63539248
6370,4540,N,Campbell Ave,Chicago,IL,60625,47,4,30,6,11,5,12,170310408001003,41.7267624,-87.57538917
6380,4055,W,Arthington St,Chicago,IL,60624,24,26,20,5,10,7,2,170312610002028,41.68815893,-87.53601519
6390,1340,W,71st St,Chicago,IL,60636,17,67,4,16,32,7,2,170318349001008,41.96436597,-87.69129575
6420,11533,S,Ada St,Chicago,IL,60643,34,53,22,14,27,1,5,170315303003002,41.8699433,-87.72752509
6430,5534,S,Saint Louis Ave,Chicago,IL,60629,14,63,17,11,22,4,7,170316309003014,41.76504846,-87.65820406
6440,2815,S,Komensky Ave,Chicago,IL,60623,22,30,16,12,24,4,7,170313018032001,41.68390641,-87.65542042
6450,1900,W,23rd St,Chicago,IL,60608,25,31,16,1,2,4,7,170318432002060,41.79234667,-87.71095067
6460,2009,W,Schiller St,Chicago,IL,60622,1,24,10,2,4,5,1,170312414004000,41.84007983,-87.72558233
6470,6950,N,Hiawatha Ave,Chicago,IL,60646,41,12,28,8,15,5,9,170311201004011,41.85045345,-87.67339086
6480,55,W,Cermak Rd,Chicago,IL,60616,3,33,18,3,6,7,2,170318410001019,41.90708044,-87.67776177
6510,1839,N,Richmond St,Chicago,IL,60647,35,22,9,2,4,4,8,170312225001012,42.0075054,-87.77831382
6520,1434,N,Parkside Ave,Chicago,IL,60651,29,25,25,39,78,7,1,170312506001008,41.85282721,-87.62930874
6540,25,W,47th St,Chicago,IL,60609,3,38,15,3,5,7,3,170313817001000,41.91503789,-87.70031704
6550,7050,S,May St,Chicago,IL,60621,17,68,4,16,32,1,2,170316811005015,41.90679134,-87.76710612
6560,5024,S,Wolcott Ave,Chicago,IL,60609,16,61,17,1,2,3,7,170316114002002,41.80916219,-87.62713785
6580,1501,E,83rd Pl,Chicago,IL,60619,8,45,12,17,33,1,4,170318343003006,41.74320686,-87.58792816
6600,4251,N,Clarendon Ave,Chicago,IL,60613,46,3,30,6,12,9,10,170310314001001,41.76536112,-87.65298114
6620,5101,W,Harrison St,Chicago,IL,60644,24,25,25,4,8,7,2,170318314001006,41.80234314,-87.67216973
6630,543,N,Waller Ave,Chicago,IL,60644,29,25,25,39,78,7,1,170312514002006,41.95998361,-87.64978592
6650,4027,W,Grenshaw St,Chicago,IL,60624,24,29,19,5,9,7,2,170318430002027,41.86701365,-87.7263137
6660,5255,S,State St,Chicago,IL,60609,3,40,15,3,5,7,2,170318361001008,41.87291244,-87.75332557
6670,3400,N,Austin Ave,Chicago,IL,60634,38,17,24,20,39,5,12,170311711001012,41.89036791,-87.76770517
6680,5450,S,Talman Ave,Chicago,IL,60632,14,63,17,1,1,4,7,170316305003012,41.79846442,-87.62572824
6700,6515,S,Ashland Ave,Chicago,IL,60636,17,67,4,16,32,7,2,170316711001014,41.77536675,-87.66403248
6710,3625,S,Hoyne Ave,Chicago,IL,60609,11,59,17,1,2,3,7,170315905001033,41.8788478,-87.68872395
6720,160,W,Wendell St,Chicago,IL,60610,43,8,1,5,9,7,2,170310810005000,41.94213774,-87.77643154
6730,2908,W,Washington Blvd,Chicago,IL,60612,2,27,20,5,10,7,1,170318371002030,41.79404868,-87.69022418
6740,2131,W,Monroe St,Chicago,IL,60612,2,28,23,5,10,7,1,170318380001012,41.9013897,-87.63372992
6760,3615,W,16th St,Chicago,IL,60623,24,29,19,5,9,7,2,170312922002002,41.88292249,-87.69918651
6770,1132,S,Homan Ave,Chicago,IL,60624,24,29,19,5,9,7,2,170318430001027,41.86727351,-87.71064278
6775,2401,W,Congress Pkwy,Chicago,IL,60612,2,28,23,5,9,7,2,170312827002013,41.87494036,-87.68628988
6780,4225,S,Lake Park Ave,Chicago,IL,60653,4,36,15,13,26,7,3,170318364001018,41.87989725,-87.68031588
6800,431,N,Troy St,Chicago,IL,60612,27,23,20,5,10,7,1,170318367002042,41.85891089,-87.71574392
6850,1643,W,Bryn Mawr Ave,Chicago,IL,60660,40,77,30,7,13,9,12,170310309001002,41.98339887,-87.67116117
6860,6311,S,Calumet Ave,Chicago,IL,60637,20,69,13,3,5,1,2,170318425001001,41.81733673,-87.59909936
6900,8505,S,Ingleside Ave,Chicago,IL,60619,8,44,12,17,33,1,4,170314401021011,41.88928674,-87.70506197
6910,4865,N,Sheridan Rd,Chicago,IL,60640,48,3,30,7,13,9,10,170310313004002,41.77989998,-87.61725084
6920,3030,W,Harrison St,Chicago,IL,60612,28,27,20,5,9,7,2,170312712001038,41.74018301,-87.60121103
6940,1420,S,Albany Ave,Chicago,IL,60623,24,29,19,5,9,7,2,170318431001020,41.97094857,-87.65479521
6950,4415,S,Dr Martin L King Jr Dr,Chicago,IL,60653,3,38,15,3,5,7,3,170318360001004,41.87378751,-87.70224062
6970,7350,S,Evans Ave,Chicago,IL,60619,6,69,12,17,34,1,3,170316909002002,41.86183685,-87.70310206
6990,3300,N,Campbell,Chicago,IL,60618,47,5,9,6,11,5,12,170318437001021,41.96552003,-87.65247254
7000,6730,S,Paulina St,Chicago,IL,60636,15,67,4,16,32,7,2,170316715001016,41.88521269,-87.76328559
7010,7511,S,South Shore Dr,Chicago,IL,60649,7,43,11,13,25,2,4,170314314002001,41.81435776,-87.61665462
7020,231,N,Pine Ave,Chicago,IL,60644,28,25,25,4,8,7,1,170312519003008,41.88521269,-87.76328559
7030,6201,S,Stewart Ave,Chicago,IL,60621,20,68,4,3,5,1,2,170318346003043,41.78150519,-87.63501534
7040,4820,W,Walton St,Chicago,IL,60651,37,25,25,4,8,7,1,170312510001027,41.76067315,-87.60675439
7060,1707,W,Morse Ave,Chicago,IL,60626,49,1,30,7,14,9,13,170310107022009,41.76031547,-87.5568187
7100,8300,S,Saint Louis Ave,Chicago,IL,60652,18,70,6,16,31,1,3,170317004011065,41.89779163,-87.7467304
7110,6130,S,Wolcott Ave,Chicago,IL,60636,15,67,4,3,6,7,2,170316706002004,41.89444938,-87.72612961
7120,2245,N,McVicker Ave,Chicago,IL,60639,37,19,26,2,3,4,8,170311913011018,41.92168676,-87.77678527
7130,1816,W,Garfield Blvd,Chicago,IL,60609,16,61,4,3,6,7,11,170316117001012,41.79401542,-87.67024224
7140,5900,N,Glenwood Ave,Chicago,IL,60660,48,77,30,7,14,9,10,170310305002008,41.80351526,-87.6673411
7150,6656,S,Normal Blvd,Chicago,IL,60621,6,68,4,3,6,1,2,170316809003015,42.00773,-87.67316926
7160,3330,W,71st St,Chicago,IL,60629,18,66,8,1,1,1,11,170316609003011,41.83603568,-87.73412164
7170,6448,S,Tripp Ave,Chicago,IL,60629,13,65,8,11,22,3,11,170316503011016,41.74235101,-87.70957305
7190,3937,W,Wilcox St,Chicago,IL,60624,28,26,20,5,10,7,1,170312608001012,41.77270938,-87.63724981
7200,4934,S,Wabash Ave,Chicago,IL,60615,3,38,15,3,5,7,3,170313818001010,41.70531488,-87.62986803
7210,11710,S,Morgan St,Chicago,IL,60643,34,53,22,14,27,1,5,170315303002019,41.77530609,-87.72884764
7230,7627,S,Constance Ave,Chicago,IL,60649,8,43,11,3,5,1,4,170318342002012,41.87882637,-87.72466192
7240,8101,S,LaSalle St,Chicago,IL,60620,21,44,5,17,34,1,4,170318424001029,41.68103204,-87.64695744
7250,644,W,71st St,Chicago,IL,60621,6,68,4,16,32,1,3,170316812001010,41.7561965,-87.57968065
7260,409,W,80th St,Chicago,IL,60620,21,44,5,16,31,1,3,170318424003022,41.74718512,-87.62807699
7270,4934,S,Wabash Ave,Chicago,IL,60615,3,38,15,3,5,7,3,170313818001010,41.73415291,-87.64676752
7310,145,S,Campbell Ave,Chicago,IL,60612,2,28,23,5,10,7,1,170312808001010,41.76530755,-87.64133368
7320,512,S,Lavergne Ave,Chicago,IL,60644,29,25,25,4,8,7,1,170312522013012,41.74889566,-87.63475126
7350,110,N,Paulina St,Chicago,IL,60612,27,28,23,5,10,7,1,170312804001034,41.8788478,-87.68872395
7390,1419,E,89th St,Chicago,IL,60619,8,48,11,17,33,1,4,170314803001006,41.87358753,-87.74923885
7420,1313,N,Claremont Ave,Chicago,IL,60622,1,24,21,2,4,5,12,170312412002011,41.88356877,-87.66944
7440,1136,W,122nd St,Chicago,IL,60643,34,53,22,14,27,1,5,170315304001014,41.73315975,-87.5895902
7450,1710,E,93rd St,Chicago,IL,60617,8,48,11,17,33,2,4,170314804004019,41.90529329,-87.68579293
7470,3825,S,Washtenaw Ave,Chicago,IL,60632,12,58,17,11,21,4,7,170315801002010,41.67228197,-87.65053774
7490,3537,S,Paulina St,Chicago,IL,60609,11,59,17,1,2,3,11,170315907002018,41.72608002,-87.58218089
7520,3900,N,Lawndale Ave,Chicago,IL,60618,39,16,27,20,40,4,8,170311609001005,41.8238993,-87.69211361
7540,2710,E,89th St,Chicago,IL,60617,7,46,11,13,26,2,4,170314606001016,41.82935505,-87.66785319
7560,3212,W,George St,Chicago,IL,60618,35,21,9,20,40,4,8,170312106021000,41.95198844,-87.72028376
7600,3120,S,Kostner Ave,Chicago,IL,60623,22,30,16,11,21,4,7,170318305001006,41.80455878,-87.62441056
7610,1940,W,18th St,Chicago,IL,60608,25,31,16,1,2,4,7,170313109001002,41.73370609,-87.55775924
7630,3120,S,Kostner Ave,Chicago,IL,60623,22,30,16,11,21,4,7,170318305001006,41.83603568,-87.73412164
7680,3120,S,Kostner Ave,Chicago,IL,60623,22,30,16,11,21,4,7,170318305001006,41.80455878,-87.62441056
7690,3545,W,Fulton Blvd,Chicago,IL,60624,28,27,20,5,10,7,1,170318368001018,41.93394276,-87.70804004
7700,38,S,Peoria St,Chicago,IL,60607,2,28,23,5,9,7,2,170318331001005,41.88055087,-87.64973578
7740,3900,W,Peterson Ave,Chicago,IL,60659,39,13,27,8,15,5,10,170311301002003,41.99021757,-87.72650366
7760,7424,S,Morgan St,Chicago,IL,60621,17,68,4,16,31,1,3,170316814003012,41.85772737,-87.67520985
7770,3400,N,Austin Ave,Chicago,IL,60634,38,17,24,20,39,5,12,170311711001012,41.8862375,-87.71542384
7790,2216,W,Hirsch St,Chicago,IL,60622,1,24,21,2,4,5,12,170312412001006,41.75892526,-87.64918005
7800,1711,N,California Ave,Chicago,IL,60647,1,24,21,2,4,4,8,170312407001004,41.91250483,-87.69697811
7803,3986,W,Barry Ave,Chicago,IL,60618,31,21,9,20,39,4,8,170312105012024,41.93732683,-87.72683602
7810,1616,S,Avers Ave,Chicago,IL,60623,24,29,19,5,9,7,2,170312924001002,41.85838712,-87.72126297
7820,4414,S,Evans,Chicago,IL,60653,3,38,15,13,26,1,3,170318360003014,41.94213774,-87.77643154
7830,2300,W,64th St,Chicago,IL,60636,15,66,8,3,6,7,2,170316607001003,41.90678838,-87.68304916
7860,9101,S,Euclid Ave,Chicago,IL,60619,8,48,11,17,33,2,4,170314804005007,41.81449923,-87.60838209
7870,8445,S,Kolin Ave,Chicago,IL,60652,18,70,6,16,32,1,11,170317003022006,41.77748307,-87.68106039
7880,3456,W,38th St,Chicago,IL,60632,12,58,17,11,21,4,7,170315803001005,41.72969181,-87.57667958
7890,4416,N,Troy St,Chicago,IL,60625,33,14,27,20,40,4,8,170311408004013,41.73884328,-87.72999192
7910,4420,N,Beacon St,Chicago,IL,60640,46,3,30,7,13,9,10,170310317004005,41.82434989,-87.71165288
7920,3737,S,Paulina St,Chicago,IL,60609,11,59,17,1,2,3,11,170315907002026,41.82569905,-87.66776072
7930,2400,S,Marshall Blvd,Chicago,IL,60623,12,30,16,11,21,4,7,170313011001004,41.96172181,-87.70711398
7940,7212,N,Clark St,Chicago,IL,60626,49,1,30,7,14,9,13,170310102022002,42.01303461,-87.67478186
7950,5410,S,State St,Chicago,IL,60609,3,40,15,3,5,7,2,170318361002000,41.796122,-87.62581237
7990,9811,S,Lowe Ave,Chicago,IL,60628,21,73,5,14,27,1,4,170317305004031,41.96230796,-87.6638162
8000,4140,N,Marine Dr,Chicago,IL,60613,46,3,30,6,12,9,10,170310314002004,41.84816155,-87.69905409
8010,330,E,133rd St,Chicago,IL,60827,9,54,22,15,29,2,5,170315401012002,41.71566482,-87.63934209
8021,3510,W,55th St,Chicago,IL,60632,14,63,17,11,22,4,7,170316303002008,41.89339663,-87.6672865
8022,1301,W,14th St,Chicago,IL,60608,2,28,23,5,9,7,2,170318429003010,41.86332884,-87.65909602
8023,2231,N,Central Ave,Chicago,IL,60639,37,19,26,2,3,4,8,170311912002000,41.76778255,-87.59039658
8024,640,W,Scott St,Chicago,IL,60610,27,8,29,5,9,7,2,170318422001043,41.7934519,-87.71136903
8026,2520,S,Western Ave,Chicago,IL,60608,25,31,16,1,2,4,2,170318413002016,41.84596533,-87.68554722
8027,2710,S,Dearborn St,Chicago,IL,60616,3,35,15,3,6,7,3,170313504001003,41.84404358,-87.62851675
8028,6350,S,Stewart Ave,Chicago,IL,60621,20,68,4,3,6,1,2,170316809002014,41.77837005,-87.63508004
8029,8914,S,Buffalo Ave,Chicago,IL,60617,10,46,11,13,25,2,4,170318339001007,41.73332966,-87.54444182
8030,9746,S,Morgan St,Chicago,IL,60643,21,73,5,14,27,1,4,170317304003008,41.95682403,-87.64604754
8035,2957,N,Hoyne Ave,Chicago,IL,60618,1,5,29,6,11,5,8,170310514002003,41.77122167,-87.66649323
8040,1148,N,Honore St,Chicago,IL,60622,1,24,10,2,4,5,1,170312422001001,41.95046051,-87.73067838
8045,3815,N,Kedvale Ave,Chicago,IL,60641,38,16,27,20,40,5,12,170311610001013,41.78150519,-87.63501534
8047,521,E,35th St,Chicago,IL,60616,4,35,15,13,26,1,3,170313510002005,41.83114497,-87.61362868
8049,13300,S,Langley Ave,Chicago,IL,60827,9,54,22,15,29,2,5,170315401011002,41.65366757,-87.60500293
8050,139,S,Parkside Ave,Chicago,IL,60644,29,25,25,4,8,7,1,170312521011008,41.65370554,-87.61431991
8053,2245,W,Jackson Blvd,Chicago,IL,60612,2,28,23,5,9,7,2,170318380001026,41.87752873,-87.68324895
8058,8255,S,Houston Ave,Chicago,IL,60617,7,46,11,13,25,2,4,170314601004005,41.74484818,-87.55025899
8060,240,W,104th St,Chicago,IL,60628,34,49,22,14,28,2,5,170314910003006,41.71619373,-87.6480077
8067,1628,W,Washington,Chicago,IL,60612,27,28,23,5,10,7,1,170312804001036,41.88333459,-87.66807611
8072,212,S,Francisco Ave,Chicago,IL,60612,28,27,20,5,10,7,2,170318370001007,41.87786113,-87.69870201
8077,1424,N,Cleaver St,Chicago,IL,60642,1,24,10,5,10,5,1,170312416001010,41.90779777,-87.66403574
8078,2040,W,Adams St,Chicago,IL,60612,2,28,23,5,10,7,1,170318380001028,41.87878137,-87.67819449
8079,1,N,State St,Chicago,IL,60602,42,32,1,3,5,7,2,170313201001017,41.88208565,-87.62774111
8080,6201,S,Stewart Ave,Chicago,IL,60621,20,68,4,3,5,1,2,170318346003043,41.86701365,-87.7263137
8083,1250,W,Erie St,Chicago,IL,60622,1,24,10,2,4,5,8,170312432001011,41.893528,87.65941
8090,917,W,88th St,Chicago,IL,60620,21,71,5,14,27,1,4,170317114002018,41.87797815,-87.76633426
8093,2510,W,Cortez St,Chicago,IL,60622,1,24,21,2,4,4,8,170312425001013,41.9003162,-87.68989506
8094,2744,W,Pershing Rd,Chicago,IL,60632,12,58,17,11,21,4,7,170315801002027,41.82285632,-87.6939949
8096,1326,W,14th Pl,Chicago,IL,60608,2,28,23,5,9,7,2,170318429003010,41.86251258,-87.66010572
8110,801,E,133rd Pl,Chicago,IL,60827,9,54,22,15,29,2,5,170315401013007,41.6531669,-87.6018856
8330,3231,N,Springfield Ave,Chicago,IL,60618,30,21,9,20,40,4,8,170318311004027,41.90508169,-87.64484062
8440,6700,N,Whipple St,Chicago,IL,60645,50,2,30,8,16,9,13,170310203012002,41.93493132,-87.77009052
8550,5400,S,St Louis Ave,Chicago,IL,60632,14,63,17,11,22,4,7,170316303002008,41.94004313,-87.72481174
8600,3000,N,Mango Ave,Chicago,IL,60634,30,19,26,2,3,4,12,170311904021030,41.92131679,-87.7658173
8660,4707,W,Marquette Rd,Chicago,IL,60629,13,65,8,11,22,3,11,170316505003014,42.00295876,-87.70588042
8670,1551,W,95th St,Chicago,IL,60643,21,73,5,18,35,1,4,170317304002006,41.72116389,-87.66241631
8671,5050,S,Homan Ave,Chicago,IL,60632,14,63,17,11,22,4,7,170316303002004,41.80104339,-87.70876013
8672,1443,N,Ogden Ave,Chicago,IL,60610,27,8,29,5,9,7,2,170318422001040,41.90780971,-87.64559391
8676,1955,E,75th St,Chicago,IL,60649,8,43,11,3,5,1,4,170318342002000,41.79520166,-87.71102218
8677,1700,W,83rd St,Chicago,IL,60620,18,71,5,18,36,1,4,170317112001012,41.74309433,-87.66572044
8678,1522,W,Fillmore St,Chicago,IL,60607,2,28,23,5,9,7,2,170312831001003,41.77110651,-87.73992096
8685,,,,Chicago,IL,60651,37,25,25,4,8,7,1,170312511003008,41.7588191,-87.5763532
8687,3270,W,87th St,Chicago,IL,60652,18,70,6,16,31,1,3,170317004023025,41.86854845,-87.66496825
9032,6727,S,California Ave,Chicago,IL,60629,15,66,8,3,6,1,2,170316609003001,41.77099145,-87.69311198
9033,6550,S,Seeley Ave,Chicago,IL,60636,15,67,4,16,32,7,2,170316714001021,41.77416435,-87.67505995
9034,8748,S,Aberdeen St,Chicago,IL,60620,21,71,5,14,27,1,4,170317114002009,41.73444231,-87.6509501
9035,931,S,Homan Ave,Chicago,IL,60624,24,29,19,5,9,7,2,170318430001001,41.86931199,-87.71056333
9036,,,,Chicago,IL,60624,28,26,20,5,10,7,1,170312603001027,41.88189299,-87.73385287
9038,7416,N,Ridge Blvd,Chicago,IL,60645,49,2,30,7,14,9,13,170310201002001,42.01647818,-87.68436901
9040,4651,W,Madison St,Chicago,IL,60644,28,25,25,5,10,7,1,170312522021001,41.88047463,-87.74253943
9041,2920,S,Wabash Ave,Chicago,IL,60616,2,35,15,3,5,7,3,170318392002018,41.84133169,-87.62529408
9042,3121,N,Pulaski Rd,Chicago,IL,60641,31,21,9,20,39,4,8,170312105012024,41.93791667,-87.72707664
9043,1116,N,Kedzie Ave,Chicago,IL,60651,26,23,21,2,4,4,8,170318366002008,41.90157308,-87.70682316
9044,5352,W,Chicago Ave,Chicago,IL,60651,37,25,25,4,8,7,1,170312512003009,41.89494895,-87.76022073
9045,1231,S,Pulaski Rd,Chicago,IL,60623,24,29,19,5,9,7,2,170318387003008,41.86519734,-87.72506639
9046,4701,S,King Dr,Chicago,IL,60615,3,38,15,13,26,7,3,170313812002018,41.80933055,-87.61651397
9047,7836,S,Union Ave,Chicago,IL,60620,17,71,5,16,31,1,3,170317101001017,41.75137761,-87.64169455
9051,1814,S,Union Ave,Chicago,IL,60616,25,31,16,1,2,4,7,170313102002009,41.85720811,-87.64485127
9052,2001,S,California Ave,Chicago,IL,60608,28,30,16,5,9,4,7,170318407003002,41.85466393,-87.69546671
9053,10001,S,Woodlawn Ave,Chicago,IL,60628,8,50,12,17,34,2,4,170315001004011,41.71292818,-87.59236892
9054,1060,E,47th St,Chicago,IL,60653,4,39,15,13,25,7,3,170313902002014,41.80966806,-87.59933939
9056,8164,S,South Chicago Ave,Chicago,IL,60617,8,45,12,17,33,1,4,170314503001027,41.74630634,-87.57846626
9058,1145,W,Wilson Ave,Chicago,IL,60640,46,3,30,7,13,9,10,170318307004006,41.96532224,-87.6592406
9059,1900,W,Van Buren St,Chicago,IL,60612,2,28,23,5,9,7,2,170318381002034,41.87628929,-87.67413756
9062,3424,S,State St,Chicago,IL,60616,3,35,15,3,6,1,3,170318420002008,41.83207163,-87.62674478
9065,2570,S,Blue Island Blvd,Chicago,IL,60608,25,31,16,1,2,4,7,170318413003020,41.84542162,-87.68404813
9066,1269,W,111th St,Chicago,IL,60643,34,75,22,14,27,1,4,170317506003001,41.69215764,-87.65446453
9597,2611,W,48th St,Chicago,IL,60632,14,58,17,1,1,4,7,170318428004006,41.73521159,-87.70405939
9598,7651,S,Homan Ave,Chicago,IL,60652,18,70,6,16,32,1,3,170317001001000,41.89555356,-87.75432041
9599,9035,S,Langley Ave,Chicago,IL,60619,6,44,12,17,34,1,4,170314409001015,41.73013093,-87.60701654
9600,2050,N,Natchez Ave,Chicago,IL,60707,36,19,26,2,3,4,9,170318315002002,41.91795212,-87.7877937
9601,2739,W,Division St,Chicago,IL,60622,26,24,21,2,4,4,8,170312426002001,41.90287714,-87.69600635
9602,220,W,45th Pl,Chicago,IL,60609,3,37,15,3,6,7,2,170318355002027,41.81181763,-87.63199088
9603,500,N,Sacramento Blvd,Chicago,IL,60612,27,23,20,5,10,7,1,170318367002033,41.89080647,-87.70201635
9604,4909,W,Division St,Chicago,IL,60651,37,25,25,4,8,7,1,170312511001000,41.90226747,-87.74881069
9605,4837,W,Erie St,Chicago,IL,60644,28,25,25,4,8,7,1,170312517001041,41.892202,-87.74721568
9608,3021,W,Caroll Ave,Chicago,IL,60612,27,27,20,5,10,7,1,170318371001003,41.88751636,-87.70216585
9610,4420,S,Fairfield Ave,Chicago,IL,60632,12,58,17,11,21,4,7,170315806004012,41.81311002,-87.69320171
9613,821,E,103rd St,Chicago,IL,60628,9,50,22,17,34,2,4,170315002001003,41.70744607,-87.60306435
9614,2710,E,89th St,Chicago,IL,60617,7,46,11,13,26,2,4,170314606001016,41.73370609,-87.55775924
9616,5235,W,Belden Ave,Chicago,IL,60639,37,19,26,2,3,4,8,170311912001013,41.9222086,-87.75752205
9618,11816,S,Indiana Ave,Chicago,IL,60628,9,53,22,15,29,2,5,170315301002022,41.97413062,-87.65988177
9619,17,N,State St,Chicago,IL,60602,42,32,1,3,5,7,2,170313201001017,41.679319,-87.61793127
9621,2245,W,Jackson Blvd,Chicago,IL,60612,2,28,23,5,9,7,2,170318380001026,41.7537492,-87.70738199
9623,2111,W,"47th St Chicago, IL 6060",Chicago,IL,60609,12,61,17,1,2,4,7,170316115002000,41.80651885,-87.68978067
9626,3900,N,Lawndale Ave,Chicago,IL,60618,39,16,27,20,40,4,8,170311609001005,41.75269664,-87.55089097
9627,5515,S,Lowe Ave,Chicago,IL,60621,3,68,4,3,6,7,2,170318347003007,41.88244676,-87.62777305
9628,2520,S,Western Ave,Chicago,IL,60608,25,31,16,1,2,4,2,170318413002016,41.75269664,-87.55089097
9629,3021,W,Caroll Ave,Chicago,IL,60612,27,27,20,5,10,7,1,170318371001003,41.79356519,-87.64141858
9630,7141,S,Morgan St,Chicago,IL,60621,17,68,4,16,31,1,3,170316814004010,41.87752873,-87.68324895
9631,,,,Chicago,IL,60624,24,29,19,5,9,7,2,170318430001029,41.80843998,-87.67754237
9632,,,,Chicago,IL,60649,5,43,11,13,26,2,3,170314302003002,41.95198844,-87.72028376
9633,3100,W,Belmont,Chicago,IL,60618,33,21,9,20,40,4,8,170312101002020,41.76389542,-87.64916099
9634,,,,Chicago,IL,60629,15,66,8,1,1,7,7,170316604002015,41.86645041,-87.70660313
9635,,,,Chicago,IL,60631,41,9,28,10,20,9,9,170310901001001,41.76682098,-87.58586708
9636,,,,Chicago,IL,60640,46,3,30,7,13,9,10,170310311001004,41.93940577,-87.70520611
9637,,,,Chicago,IL,60649,7,46,11,13,25,2,4,170314601001007,41.77901823,-87.70376059
9638,,,,Chicago,IL,60649,7,46,11,13,25,2,4,170314601001007,42.01717109,-87.80664497
9639,,,,Chicago,IL,60649,8,43,11,3,5,2,4,170314312001026,41.75201532,-87.57591967
9640,5025,S,St Louis Ave,Chicago,IL,60632,14,63,17,11,22,4,7,170316303002004,41.80176207,-87.71106166
